{
  "version": 2,
  "buildCommand": "npm run build",
  "outputDirectory": "dist",
  "framework": "vite",
  "headers": [
    {
      "source": "/assets/(.*)",
      "headers": [
        {
          "key": "Content-Type",
          "value": "application/javascript"
        }
      ]
    },
    {
      "source": "/assets/(.*)\\.css",
      "headers": [
        {
          "key": "Content-Type",
          "value": "text/css"
        }
      ]
    }
  ],
  "rewrites": [
    { "source": "/(.*)", "destination": "/index.html" }
  ]
} 